,_id,timestamp,device_id,double_frequency,double_decibels,double_rms,is_silent,silence_threshold
0,1,1411636834198.0,11e5f39d-3b9f-4efb-bc96-13e63276c08b,118.0,27.010051246757527,311.73967853024243,0,100.0
1,2,1411636845807.0,11e5f39d-3b9f-4efb-bc96-13e63276c08b,114.0,28.68205254311171,289.44981559249226,1,390.0
2,3,1411636856379.0,11e5f39d-3b9f-4efb-bc96-13e63276c08b,114.0,29.8934889353232,266.89196781214474,1,376.0
3,4,1411636866809.0,11e5f39d-3b9f-4efb-bc96-13e63276c08b,166.0,25.61359279597603,371.1568877575373,0,362.0
4,5,1411636877950.0,11e5f39d-3b9f-4efb-bc96-13e63276c08b,100.0,29.737573645343605,228.12302795951283,1,387.0
5,6,1411636888462.0,11e5f39d-3b9f-4efb-bc96-13e63276c08b,170.0,18.930890399536786,891.8243126315264,0,367.0
6,7,1411636899132.0,11e5f39d-3b9f-4efb-bc96-13e63276c08b,166.0,27.3864379856296,247.01393857572987,1,491.0
7,8,1411636910558.0,11e5f39d-3b9f-4efb-bc96-13e63276c08b,104.0,31.11863115973439,211.81627545731965,1,465.0
8,9,1411636921357.0,11e5f39d-3b9f-4efb-bc96-13e63276c08b,114.0,21.627205930836546,299.1094195749646,1,440.0
9,10,1411636931761.0,11e5f39d-3b9f-4efb-bc96-13e63276c08b,291.0,24.706540773148205,414.7385911129242,1,433.0
10,11,1411636942263.0,11e5f39d-3b9f-4efb-bc96-13e63276c08b,152.0,25.208375432283333,377.91757396068965,1,441.0
11,12,1411636952924.0,11e5f39d-3b9f-4efb-bc96-13e63276c08b,239.0,12.724786593359177,1182.4600047191518,0,444.0
12,13,1411636963359.0,11e5f39d-3b9f-4efb-bc96-13e63276c08b,197.0,12.397233185869101,920.6420259891253,0,530.0
13,14,1411636974116.0,11e5f39d-3b9f-4efb-bc96-13e63276c08b,100.0,26.463226447831953,382.1373706562646,1,578.0
14,15,1411636984653.0,11e5f39d-3b9f-4efb-bc96-13e63276c08b,114.0,25.735859537015653,309.4348637368345,1,571.0
15,16,1411636995430.0,11e5f39d-3b9f-4efb-bc96-13e63276c08b,107.0,26.97447758759332,315.2462117855485,1,559.0
16,17,1411637005887.0,11e5f39d-3b9f-4efb-bc96-13e63276c08b,107.0,28.15123819553839,339.5416244835741,1,548.0
17,18,1411637016751.0,11e5f39d-3b9f-4efb-bc96-13e63276c08b,114.0,27.226608188877425,299.5136980091877,1,541.0
18,19,1411637027201.0,11e5f39d-3b9f-4efb-bc96-13e63276c08b,465.0,22.579019388181294,595.9870791588569,0,532.0
19,20,1411637037775.0,11e5f39d-3b9f-4efb-bc96-13e63276c08b,180.0,27.411290333451515,294.7577733754918,1,543.0
20,21,1411637048258.0,11e5f39d-3b9f-4efb-bc96-13e63276c08b,114.0,26.017419627784374,411.9680755987046,1,534.0
21,22,1411637058780.0,11e5f39d-3b9f-4efb-bc96-13e63276c08b,114.0,27.461209376817635,294.5687916318907,1,533.0
22,23,1411637069175.0,11e5f39d-3b9f-4efb-bc96-13e63276c08b,232.0,26.524808907548238,332.7897592648064,1,526.0
23,24,1411637080423.0,11e5f39d-3b9f-4efb-bc96-13e63276c08b,111.0,26.006827078132492,358.89025157227536,1,521.0
24,25,1411637091010.0,11e5f39d-3b9f-4efb-bc96-13e63276c08b,263.0,11.499665145923778,2111.5272475803636,0,518.0
25,26,1411637101434.0,11e5f39d-3b9f-4efb-bc96-13e63276c08b,253.0,18.07028619839191,587.4098054287899,1,603.0
26,27,1411637111852.0,11e5f39d-3b9f-4efb-bc96-13e63276c08b,111.0,26.74673365290172,315.48341364990085,1,608.0
27,28,1411637122471.0,11e5f39d-3b9f-4efb-bc96-13e63276c08b,291.0,22.719262424848882,622.8105657967401,0,600.0
28,29,1411637133120.0,11e5f39d-3b9f-4efb-bc96-13e63276c08b,375.0,6.822568153913551,1862.5550336761119,0,606.0
29,30,1411637143653.0,11e5f39d-3b9f-4efb-bc96-13e63276c08b,156.0,9.75141051505021,1101.5738208638131,0,666.0
30,31,1411637154122.0,11e5f39d-3b9f-4efb-bc96-13e63276c08b,284.0,13.926019843051673,1357.2582694471378,0,690.0
31,32,1411637164647.0,11e5f39d-3b9f-4efb-bc96-13e63276c08b,572.0,4.88099629037311,4233.18465413124,0,722.0
32,33,1411637175127.0,11e5f39d-3b9f-4efb-bc96-13e63276c08b,250.0,7.536630021204509,1128.5655072554125,0,865.0
33,34,1411637185606.0,11e5f39d-3b9f-4efb-bc96-13e63276c08b,131.0,17.80892667889709,1034.737066122087,0,881.0
34,35,1411637196204.0,11e5f39d-3b9f-4efb-bc96-13e63276c08b,152.0,11.749279757205786,1896.507685583081,0,893.0
35,36,1411637206666.0,11e5f39d-3b9f-4efb-bc96-13e63276c08b,156.0,14.827422684143981,974.174080605164,0,936.0
36,37,1411637217134.0,11e5f39d-3b9f-4efb-bc96-13e63276c08b,149.0,16.545943587363034,1234.7569440734076,0,944.0
37,38,1411637227671.0,11e5f39d-3b9f-4efb-bc96-13e63276c08b,305.0,8.801709771728657,1759.679896859006,0,960.0
38,39,1411637238865.0,11e5f39d-3b9f-4efb-bc96-13e63276c08b,243.0,6.645310693230054,1780.9624406044475,0,992.0
39,40,1411637249629.0,11e5f39d-3b9f-4efb-bc96-13e63276c08b,232.0,18.14918152825086,659.653643401954,1,1024.0
40,41,1411637260435.0,11e5f39d-3b9f-4efb-bc96-13e63276c08b,149.0,14.20034093655156,1464.0875971701626,0,1019.0
41,42,1411637271099.0,11e5f39d-3b9f-4efb-bc96-13e63276c08b,138.0,18.539082679050157,559.8150530873518,1,1039.0
42,43,1411637281636.0,11e5f39d-3b9f-4efb-bc96-13e63276c08b,97.0,12.163997041567791,1413.2481302933954,0,1031.0
43,44,1411637292155.0,11e5f39d-3b9f-4efb-bc96-13e63276c08b,131.0,13.307106811460343,1412.2864139155895,0,1048.0
44,45,1411637302997.0,11e5f39d-3b9f-4efb-bc96-13e63276c08b,114.0,23.100917604595583,379.1620220640438,1,1064.0
45,46,1411637313667.0,11e5f39d-3b9f-4efb-bc96-13e63276c08b,118.0,28.739862338128507,254.84821871720692,1,1051.0
46,47,1411637324293.0,11e5f39d-3b9f-4efb-bc96-13e63276c08b,114.0,27.13571908291457,305.6878215939152,1,1035.0
47,48,1411637335105.0,11e5f39d-3b9f-4efb-bc96-13e63276c08b,114.0,29.394717520377007,244.254804022755,1,1021.0
48,49,1411637345983.0,11e5f39d-3b9f-4efb-bc96-13e63276c08b,114.0,19.722958743434745,557.9052354442564,1,1006.0
49,50,1411637356757.0,11e5f39d-3b9f-4efb-bc96-13e63276c08b,173.0,28.15123819553839,273.0949354162395,1,1000.0
50,51,1411637367147.0,11e5f39d-3b9f-4efb-bc96-13e63276c08b,111.0,28.44757257167309,281.13575225843596,1,987.0
51,52,1411637377630.0,11e5f39d-3b9f-4efb-bc96-13e63276c08b,114.0,30.248409288121998,268.69581737404394,1,974.0
52,53,1411637388177.0,11e5f39d-3b9f-4efb-bc96-13e63276c08b,107.0,28.61747314050774,280.95076442545945,1,962.0
53,54,1411637398598.0,11e5f39d-3b9f-4efb-bc96-13e63276c08b,111.0,29.48114499602986,279.36579107989303,1,951.0
54,55,1411637408992.0,11e5f39d-3b9f-4efb-bc96-13e63276c08b,114.0,28.13093614584809,290.0482329381711,1,939.0
55,56,1411637419591.0,11e5f39d-3b9f-4efb-bc96-13e63276c08b,107.0,28.030131653057623,273.843575457677,1,929.0
56,57,1411637431034.0,11e5f39d-3b9f-4efb-bc96-13e63276c08b,100.0,29.057359014631096,262.09866641686676,1,918.0
57,58,1411637442141.0,11e5f39d-3b9f-4efb-bc96-13e63276c08b,104.0,29.02732997992244,271.9951522494881,1,908.0
58,59,1411637452625.0,11e5f39d-3b9f-4efb-bc96-13e63276c08b,114.0,25.533027444916016,329.0664595625446,1,898.0
59,60,1411637463276.0,11e5f39d-3b9f-4efb-bc96-13e63276c08b,114.0,28.72537377824186,291.49849169373454,1,890.0
60,61,1411637474380.0,11e5f39d-3b9f-4efb-bc96-13e63276c08b,111.0,26.74673365290172,301.8610741266861,1,881.0
61,62,1411637484822.0,11e5f39d-3b9f-4efb-bc96-13e63276c08b,114.0,27.44245609935343,288.56205102484745,1,873.0
62,63,1411637495388.0,11e5f39d-3b9f-4efb-bc96-13e63276c08b,114.0,26.446506732105128,299.12959960711197,1,865.0
63,64,1411637505876.0,11e5f39d-3b9f-4efb-bc96-13e63276c08b,86.0,31.11863115973439,229.5968935045604,1,857.0
64,65,1411637516464.0,11e5f39d-3b9f-4efb-bc96-13e63276c08b,114.0,27.153820978257084,311.09517498557506,1,848.0
65,66,1411637526880.0,11e5f39d-3b9f-4efb-bc96-13e63276c08b,114.0,27.612711292785157,302.7683956242608,1,841.0
66,67,1411637537578.0,11e5f39d-3b9f-4efb-bc96-13e63276c08b,125.0,30.231175374456146,249.79013239728977,1,834.0
67,68,1411637548247.0,11e5f39d-3b9f-4efb-bc96-13e63276c08b,114.0,28.178381622746734,333.0321054290829,1,826.0
68,69,1411637558682.0,11e5f39d-3b9f-4efb-bc96-13e63276c08b,114.0,30.16257964073947,243.8333662636683,1,820.0
69,70,1411637569068.0,11e5f39d-3b9f-4efb-bc96-13e63276c08b,159.0,28.6317826818629,303.7034500796423,1,813.0
70,71,1411637579977.0,11e5f39d-3b9f-4efb-bc96-13e63276c08b,114.0,28.308484097037105,290.09845595815494,1,807.0
71,72,1411637590948.0,11e5f39d-3b9f-4efb-bc96-13e63276c08b,114.0,28.937860797747096,259.89229874015973,1,800.0
72,73,1411637601796.0,11e5f39d-3b9f-4efb-bc96-13e63276c08b,114.0,28.960141843666744,298.1437355806293,1,794.0
73,74,1411637612170.0,11e5f39d-3b9f-4efb-bc96-13e63276c08b,173.0,24.43732842927202,263.7518685755294,1,788.0
74,75,1411637622587.0,11e5f39d-3b9f-4efb-bc96-13e63276c08b,107.0,11.567672458845795,1696.920765957415,0,782.0
75,76,1411637633177.0,11e5f39d-3b9f-4efb-bc96-13e63276c08b,295.0,7.886998099668219,2886.5182637679554,0,800.0
76,77,1411637643484.0,11e5f39d-3b9f-4efb-bc96-13e63276c08b,59.0,11.844118326588829,1041.9401153583901,0,837.0
77,78,1411637655791.0,11e5f39d-3b9f-4efb-bc96-13e63276c08b,173.0,26.97447758759332,245.3636482416909,1,843.0
78,79,1411637667047.0,11e5f39d-3b9f-4efb-bc96-13e63276c08b,253.0,11.009671202572399,1350.919974441029,0,836.0
79,80,1411637677408.0,11e5f39d-3b9f-4efb-bc96-13e63276c08b,357.0,6.872130307602785,2500.554709726785,0,846.0
80,81,1411637687890.0,11e5f39d-3b9f-4efb-bc96-13e63276c08b,145.0,4.520341422178634,4450.153260762019,0,875.0
81,82,1411637699825.0,11e5f39d-3b9f-4efb-bc96-13e63276c08b,322.0,2.8463432082112163,3052.837477221214,0,933.0
82,83,1411637710425.0,11e5f39d-3b9f-4efb-bc96-13e63276c08b,215.0,2.950703923319306,4076.067369424456,0,968.0
83,84,1411637720819.0,11e5f39d-3b9f-4efb-bc96-13e63276c08b,260.0,7.21565114674285,1425.3007583440453,0,1018.0
84,85,1411637731200.0,11e5f39d-3b9f-4efb-bc96-13e63276c08b,159.0,1.198093470066798,3268.955479187992,0,1027.0
85,86,1411637741630.0,11e5f39d-3b9f-4efb-bc96-13e63276c08b,173.0,5.91521291747827,3279.083889454471,0,1063.0
86,87,1411637751956.0,11e5f39d-3b9f-4efb-bc96-13e63276c08b,288.0,3.590618079380109,4233.078860102974,0,1098.0
87,88,1411637762504.0,11e5f39d-3b9f-4efb-bc96-13e63276c08b,131.0,6.345207568857928,2289.0315361007783,0,1146.0
88,89,1411637772911.0,11e5f39d-3b9f-4efb-bc96-13e63276c08b,173.0,0.00026507636037961915,3860.6416983341855,0,1166.0
89,90,1411637783726.0,11e5f39d-3b9f-4efb-bc96-13e63276c08b,76.0,7.510787581680707,1598.7690774261391,0,1207.0
90,91,1411637794097.0,11e5f39d-3b9f-4efb-bc96-13e63276c08b,211.0,2.9876406029447384,3084.9581244062742,0,1216.0
91,92,1411637804375.0,11e5f39d-3b9f-4efb-bc96-13e63276c08b,496.0,8.41468601263062,2303.1572978475597,0,1245.0
92,93,1411637815542.0,11e5f39d-3b9f-4efb-bc96-13e63276c08b,145.0,0.00026507636037961915,3619.6047966153096,0,1263.0
93,94,1411637826107.0,11e5f39d-3b9f-4efb-bc96-13e63276c08b,184.0,0.00026507636037961915,5970.182679860205,0,1298.0
94,95,1411637836785.0,11e5f39d-3b9f-4efb-bc96-13e63276c08b,253.0,10.938405811697567,1853.8132264963047,0,1363.0
95,96,1411637848770.0,11e5f39d-3b9f-4efb-bc96-13e63276c08b,142.0,2.4737173975055375,2934.4722393958205,0,1373.0
96,97,1411637859281.0,11e5f39d-3b9f-4efb-bc96-13e63276c08b,104.0,0.00026507636037961915,4418.019300587604,0,1397.0
97,98,1411637870432.0,11e5f39d-3b9f-4efb-bc96-13e63276c08b,83.0,0.00026507636037961915,7119.293197040984,0,1440.0
98,99,1411637880822.0,11e5f39d-3b9f-4efb-bc96-13e63276c08b,173.0,2.873976552388627,3820.4502441652558,0,1516.0
99,100,1411637891218.0,11e5f39d-3b9f-4efb-bc96-13e63276c08b,211.0,12.321344588529058,1490.04352448548,1,1549.0
100,101,1411637901703.0,11e5f39d-3b9f-4efb-bc96-13e63276c08b,319.0,11.867990655850882,1733.6642625299776,0,1552.0
101,102,1411637913265.0,11e5f39d-3b9f-4efb-bc96-13e63276c08b,86.0,0.00026507636037961915,4831.991936795523,0,1558.0
102,103,1411637923730.0,11e5f39d-3b9f-4efb-bc96-13e63276c08b,131.0,9.632484820128152,1431.4048647111515,1,1602.0
103,104,1411637934199.0,11e5f39d-3b9f-4efb-bc96-13e63276c08b,72.0,8.00278080098437,1632.3014096443965,0,1604.0
104,105,1411637944879.0,11e5f39d-3b9f-4efb-bc96-13e63276c08b,90.0,0.00026507636037961915,4520.569713223993,0,1608.0
105,106,1411637955249.0,11e5f39d-3b9f-4efb-bc96-13e63276c08b,215.0,0.16510899055075268,2648.1160607131524,0,1646.0
106,107,1411637966294.0,11e5f39d-3b9f-4efb-bc96-13e63276c08b,79.0,0.00026507636037961915,5661.941146347678,0,1662.0
107,108,1411637977023.0,11e5f39d-3b9f-4efb-bc96-13e63276c08b,170.0,0.675847247774654,4896.8401576438955,0,1713.0
108,109,1411637987461.0,11e5f39d-3b9f-4efb-bc96-13e63276c08b,190.0,8.024120425416212,2104.8191836846568,0,1754.0
109,110,1411637997821.0,11e5f39d-3b9f-4efb-bc96-13e63276c08b,149.0,6.474949428010486,2385.277875966009,0,1762.0
110,111,1411638008458.0,11e5f39d-3b9f-4efb-bc96-13e63276c08b,239.0,2.247618284134815,3309.7787188826915,0,1773.0
111,112,1411638019057.0,11e5f39d-3b9f-4efb-bc96-13e63276c08b,62.0,6.1288915414792555,2984.0764988879355,0,1794.0
112,113,1411638029983.0,11e5f39d-3b9f-4efb-bc96-13e63276c08b,86.0,3.6271649351512636,2751.0889068107344,0,1811.0
113,114,1411638040401.0,11e5f39d-3b9f-4efb-bc96-13e63276c08b,152.0,0.030004937258847,3307.435595621482,0,1826.0
114,115,1411638051765.0,11e5f39d-3b9f-4efb-bc96-13e63276c08b,52.0,6.18273766047521,3037.70322065386,0,1846.0
115,116,1411638062357.0,11e5f39d-3b9f-4efb-bc96-13e63276c08b,93.0,5.784736284712211,2709.3612985844766,0,1863.0
116,117,1411638072878.0,11e5f39d-3b9f-4efb-bc96-13e63276c08b,138.0,5.097554536724508,3257.0526260092497,0,1876.0
117,118,1411638083466.0,11e5f39d-3b9f-4efb-bc96-13e63276c08b,27.0,0.00026507636037961915,5573.590821178666,0,1895.0
118,119,1411638093939.0,11e5f39d-3b9f-4efb-bc96-13e63276c08b,111.0,5.659241372134634,2365.224812400387,0,1938.0
119,120,1411638104278.0,11e5f39d-3b9f-4efb-bc96-13e63276c08b,138.0,0.00026507636037961915,4665.696079870851,0,1946.0
120,121,1411638114816.0,11e5f39d-3b9f-4efb-bc96-13e63276c08b,69.0,0.00026507636037961915,7361.127434959625,0,1979.0
121,122,1411638125866.0,11e5f39d-3b9f-4efb-bc96-13e63276c08b,156.0,1.4399837015235444,3795.0743903739517,0,2038.0
122,123,1411638136591.0,11e5f39d-3b9f-4efb-bc96-13e63276c08b,135.0,0.00026507636037961915,4981.538171339989,0,2061.0
123,124,1411638147045.0,11e5f39d-3b9f-4efb-bc96-13e63276c08b,135.0,6.459322301141093,3109.289152011432,0,2094.0
124,125,1411638157605.0,11e5f39d-3b9f-4efb-bc96-13e63276c08b,93.0,6.066312429834015,1859.624988913722,1,2109.0
125,126,1411638168077.0,11e5f39d-3b9f-4efb-bc96-13e63276c08b,246.0,1.1831966815405361,2670.1469457326793,0,2111.0
126,127,1411638178461.0,11e5f39d-3b9f-4efb-bc96-13e63276c08b,83.0,2.551951643933496,3877.2317031770913,0,2120.0
127,128,1411638188966.0,11e5f39d-3b9f-4efb-bc96-13e63276c08b,277.0,8.228821679209497,2671.952298020926,0,2142.0
128,129,1411638199362.0,11e5f39d-3b9f-4efb-bc96-13e63276c08b,170.0,10.388402130972825,1685.4870868838134,1,2151.0
129,130,1411638209676.0,11e5f39d-3b9f-4efb-bc96-13e63276c08b,232.0,0.9565406508378578,4743.302167825189,0,2151.0
130,131,1411638220161.0,11e5f39d-3b9f-4efb-bc96-13e63276c08b,208.0,11.434163382568084,1487.8529050034092,1,2180.0
131,132,1411638230695.0,11e5f39d-3b9f-4efb-bc96-13e63276c08b,236.0,14.853765756313713,1330.4737564742368,1,2177.0
132,133,1411638241154.0,11e5f39d-3b9f-4efb-bc96-13e63276c08b,239.0,15.47493902003956,1412.4181960702283,1,2174.0
133,134,1411638251775.0,11e5f39d-3b9f-4efb-bc96-13e63276c08b,229.0,12.15432395924125,1277.7630195781176,1,2170.0
134,135,1411638262115.0,11e5f39d-3b9f-4efb-bc96-13e63276c08b,156.0,11.856565268730378,1743.4573035660032,1,2166.0
135,136,1411638272814.0,11e5f39d-3b9f-4efb-bc96-13e63276c08b,302.0,15.000098337391357,1079.7527020431319,1,2166.0
136,137,1411638283206.0,11e5f39d-3b9f-4efb-bc96-13e63276c08b,319.0,19.01567741415257,899.8636265795902,1,2160.0
137,138,1411638293685.0,11e5f39d-3b9f-4efb-bc96-13e63276c08b,239.0,12.56791113817522,1407.9780194657199,1,2153.0
138,139,1411638304053.0,11e5f39d-3b9f-4efb-bc96-13e63276c08b,277.0,9.27591701692863,3167.8960483677315,0,2150.0
139,140,1411638314564.0,11e5f39d-3b9f-4efb-bc96-13e63276c08b,281.0,11.954688368004492,1483.7143405513202,1,2163.0
140,141,1411638325198.0,11e5f39d-3b9f-4efb-bc96-13e63276c08b,145.0,17.46762615236428,1049.6246820127078,1,2161.0
141,142,1411638335738.0,11e5f39d-3b9f-4efb-bc96-13e63276c08b,97.0,13.711349770324492,1443.408746646574,1,2155.0
142,143,1411638346193.0,11e5f39d-3b9f-4efb-bc96-13e63276c08b,225.0,8.493260140209006,2504.971919284975,0,2152.0
143,144,1411638356643.0,11e5f39d-3b9f-4efb-bc96-13e63276c08b,170.0,15.173234723832,961.3456287770543,1,2159.0
144,145,1411638367133.0,11e5f39d-3b9f-4efb-bc96-13e63276c08b,152.0,13.625673020341956,1340.685237574428,1,2152.0
145,146,1411638377605.0,11e5f39d-3b9f-4efb-bc96-13e63276c08b,208.0,14.532908838301392,1347.0079969461226,1,2149.0
146,147,1411638388386.0,11e5f39d-3b9f-4efb-bc96-13e63276c08b,107.0,12.97734515792338,1542.6779806545915,1,2146.0
147,148,1411638399121.0,11e5f39d-3b9f-4efb-bc96-13e63276c08b,281.0,1.466304599356152,3190.252685114217,0,2144.0
148,149,1411638409783.0,11e5f39d-3b9f-4efb-bc96-13e63276c08b,131.0,1.7000796770174031,2527.178655456955,0,2157.0
149,150,1411638420509.0,11e5f39d-3b9f-4efb-bc96-13e63276c08b,208.0,6.2985548631521,2773.8882955233917,0,2164.0
150,151,1411638430956.0,11e5f39d-3b9f-4efb-bc96-13e63276c08b,128.0,8.852241205932621,1997.5030224389593,1,2172.0
151,152,1411638441518.0,11e5f39d-3b9f-4efb-bc96-13e63276c08b,250.0,8.260324585567632,1969.1476184674352,1,2174.0
152,153,1411638451977.0,11e5f39d-3b9f-4efb-bc96-13e63276c08b,86.0,12.79041900073582,1482.1665160039186,1,2176.0
153,154,1411638462357.0,11e5f39d-3b9f-4efb-bc96-13e63276c08b,159.0,4.166354886078753,3222.07287556495,0,2174.0
154,155,1411638472932.0,11e5f39d-3b9f-4efb-bc96-13e63276c08b,93.0,0.8837513822786613,4862.89907714131,0,2186.0
155,156,1411638483344.0,11e5f39d-3b9f-4efb-bc96-13e63276c08b,65.0,0.4195061180992996,4184.198462482092,0,2211.0
156,157,1411638493805.0,11e5f39d-3b9f-4efb-bc96-13e63276c08b,222.0,9.259737149527785,2017.711256236052,1,2231.0
157,158,1411638504330.0,11e5f39d-3b9f-4efb-bc96-13e63276c08b,48.0,0.00026507636037961915,4372.296746395614,0,2233.0
158,159,1411638514775.0,11e5f39d-3b9f-4efb-bc96-13e63276c08b,145.0,0.00026507636037961915,3676.9836956519507,0,2253.0
159,160,1411638525895.0,11e5f39d-3b9f-4efb-bc96-13e63276c08b,118.0,1.9257507874966477,4431.339803342887,0,2268.0
160,161,1411638536351.0,11e5f39d-3b9f-4efb-bc96-13e63276c08b,211.0,6.131575934255842,2762.5847378123535,0,2288.0
161,162,1411638546946.0,11e5f39d-3b9f-4efb-bc96-13e63276c08b,131.0,11.595830977181675,1562.5004384721608,1,2296.0
162,163,1411638557867.0,11e5f39d-3b9f-4efb-bc96-13e63276c08b,211.0,0.00026507636037961915,4030.481357007377,0,2293.0
163,164,1411638568367.0,11e5f39d-3b9f-4efb-bc96-13e63276c08b,79.0,0.03985213138291101,3773.144413566091,0,2310.0
164,165,1411638578926.0,11e5f39d-3b9f-4efb-bc96-13e63276c08b,173.0,9.038578705394544,2240.122585272648,1,2325.0
165,166,1411638589357.0,11e5f39d-3b9f-4efb-bc96-13e63276c08b,177.0,5.170797061407226,2630.461434191886,0,2328.0
166,167,1411638599739.0,11e5f39d-3b9f-4efb-bc96-13e63276c08b,72.0,0.9140306890910295,4992.653123781956,0,2334.0
167,168,1411638610651.0,11e5f39d-3b9f-4efb-bc96-13e63276c08b,65.0,8.472846759160857,1862.582287868072,1,2357.0
168,169,1411638621066.0,11e5f39d-3b9f-4efb-bc96-13e63276c08b,368.0,9.150354151582185,1573.7598698779286,1,2357.0
169,170,1411638631574.0,11e5f39d-3b9f-4efb-bc96-13e63276c08b,114.0,0.00026507636037961915,4653.554491129305,0,2354.0
170,171,1411638642080.0,11e5f39d-3b9f-4efb-bc96-13e63276c08b,149.0,1.1786415430891057,3058.5552444894224,0,2375.0
171,172,1411638652904.0,11e5f39d-3b9f-4efb-bc96-13e63276c08b,267.0,4.382716632129541,2173.5645343895935,1,2383.0
172,173,1411638663350.0,11e5f39d-3b9f-4efb-bc96-13e63276c08b,194.0,10.0657573397779,1743.8147457862397,1,2385.0
173,174,1411638673959.0,11e5f39d-3b9f-4efb-bc96-13e63276c08b,211.0,6.833040091785154,2211.657671381795,1,2384.0
174,175,1411638684334.0,11e5f39d-3b9f-4efb-bc96-13e63276c08b,59.0,8.493260140209006,2721.5355787220565,0,2386.0
175,176,1411638694656.0,11e5f39d-3b9f-4efb-bc96-13e63276c08b,45.0,10.8003625290091,1205.7621222997996,1,2392.0
176,177,1411638705281.0,11e5f39d-3b9f-4efb-bc96-13e63276c08b,118.0,5.220454268380993,2394.8945098984354,0,2387.0
177,178,1411638715993.0,11e5f39d-3b9f-4efb-bc96-13e63276c08b,236.0,8.867678870899443,1866.53564435077,1,2390.0
178,179,1411638726357.0,11e5f39d-3b9f-4efb-bc96-13e63276c08b,156.0,10.751784113900413,2001.278220986562,1,2390.0
179,180,1411638737015.0,11e5f39d-3b9f-4efb-bc96-13e63276c08b,38.0,4.180927091593527,3913.392979441898,0,2391.0
180,181,1411638747472.0,11e5f39d-3b9f-4efb-bc96-13e63276c08b,79.0,6.237463199634908,2497.4915014696635,0,2405.0
181,182,1411638757968.0,11e5f39d-3b9f-4efb-bc96-13e63276c08b,194.0,7.331395316629765,1807.630090792607,1,2409.0
182,183,1411638768500.0,11e5f39d-3b9f-4efb-bc96-13e63276c08b,149.0,0.00026507636037961915,3479.489448163117,0,2408.0
183,184,1411638779445.0,11e5f39d-3b9f-4efb-bc96-13e63276c08b,260.0,0.8887416703169443,2947.451135650702,0,2418.0
184,185,1411638789799.0,11e5f39d-3b9f-4efb-bc96-13e63276c08b,263.0,6.419266888200243,2808.5863712814526,0,2425.0
185,186,1411638800354.0,11e5f39d-3b9f-4efb-bc96-13e63276c08b,145.0,9.954979274712024,2160.402781717676,1,2431.0
186,187,1411638810842.0,11e5f39d-3b9f-4efb-bc96-13e63276c08b,65.0,6.123525243496833,1958.8050699554904,1,2433.0
187,188,1411638821532.0,11e5f39d-3b9f-4efb-bc96-13e63276c08b,83.0,1.5213973226730997,4642.463025641071,0,2433.0
188,189,1411638832144.0,11e5f39d-3b9f-4efb-bc96-13e63276c08b,149.0,3.792940524322102,3375.7100318575986,0,2451.0
189,190,1411638842812.0,11e5f39d-3b9f-4efb-bc96-13e63276c08b,83.0,2.9659818815327723,3068.6138191807977,0,2460.0
190,191,1411638853241.0,11e5f39d-3b9f-4efb-bc96-13e63276c08b,93.0,7.3141504049262736,2164.867393035214,1,2467.0
191,192,1411638863637.0,11e5f39d-3b9f-4efb-bc96-13e63276c08b,79.0,4.52792754734154,3966.0545536114632,0,2468.0
192,193,1411638876231.0,11e5f39d-3b9f-4efb-bc96-13e63276c08b,90.0,0.00026507636037961915,5921.5562630434315,0,2481.0
193,194,1411638887798.0,11e5f39d-3b9f-4efb-bc96-13e63276c08b,107.0,8.132288140502244,1346.5360974758737,1,2507.0
194,195,1411638898271.0,11e5f39d-3b9f-4efb-bc96-13e63276c08b,173.0,12.519603019804212,1471.5390411876892,1,2503.0
195,196,1411638908892.0,11e5f39d-3b9f-4efb-bc96-13e63276c08b,190.0,18.779868051081955,772.5769572980523,1,2499.0
196,197,1411638919560.0,11e5f39d-3b9f-4efb-bc96-13e63276c08b,145.0,13.269163739951214,745.0867457421018,1,2491.0
197,198,1411638930386.0,11e5f39d-3b9f-4efb-bc96-13e63276c08b,250.0,0.00026507636037961915,2521.5436449323283,0,2484.0
198,199,1411638941507.0,11e5f39d-3b9f-4efb-bc96-13e63276c08b,128.0,9.017592854313843,1564.2671781660254,1,2487.0
199,200,1411638952998.0,11e5f39d-3b9f-4efb-bc96-13e63276c08b,114.0,16.088046621853678,565.0723693051035,1,2484.0
200,201,1411638963477.0,11e5f39d-3b9f-4efb-bc96-13e63276c08b,274.0,28.82730491862948,301.5258807645429,1,2475.0
201,202,1411638974448.0,11e5f39d-3b9f-4efb-bc96-13e63276c08b,1152.0,14.595285333576333,499.65205428099887,1,2465.0
202,203,1411638985606.0,11e5f39d-3b9f-4efb-bc96-13e63276c08b,118.0,29.584407817468467,256.75946982968753,1,2456.0
203,204,1411638996362.0,11e5f39d-3b9f-4efb-bc96-13e63276c08b,100.0,27.039807663794555,279.08871035304844,1,2445.0
204,205,1411639008880.0,11e5f39d-3b9f-4efb-bc96-13e63276c08b,128.0,28.398637852731344,259.0836357146836,1,2435.0
205,206,1411639019420.0,11e5f39d-3b9f-4efb-bc96-13e63276c08b,114.0,27.657401745999618,289.9226893477141,1,2425.0
206,207,1411639030136.0,11e5f39d-3b9f-4efb-bc96-13e63276c08b,111.0,30.300317149607988,255.95109175685846,1,2415.0
207,208,1411639040631.0,11e5f39d-3b9f-4efb-bc96-13e63276c08b,111.0,26.270137431161356,255.62134267962315,1,2405.0
208,209,1411639051207.0,11e5f39d-3b9f-4efb-bc96-13e63276c08b,111.0,29.520716315671617,267.2566707085053,1,2395.0
